i,intercept,reg_coef_1,reg_coef_2,reg_coef_3,reg_coef_4,reg_coef_5,reg_coef_6,reg_coef_7,reg_coef_8,reg_coef_9,reg_coef_10,reg_coef_11,r_squared_train,adj_r_squared_train,rmse_train,mae_train,r_squared_test,adj_r_squared_test,rmse_test,mae_test
-1,2060.0525072850296,13.854052698731463,-593151.3785571076,9.021178561722792,-761.1667861924784,-10.359547321478203,-0.1140032053226605,-0.0855773010480334,-2000.48896695565,487.13474631426476,-77.91689238130897,-2.553851352993661,0.8605141981054157,0.7837970070633944,294.43209760805223,235.3874788638228,-9999,-9999,-9999,-9999
